Teacher ID,Teacher Email,Teacher Password,Lesson Link
1113,SharieMischkeOtBT0@hotmail.net,SharieMischke,
1114,BuffyWronadpoC1@outlook.biz,BuffyWrona,
1115,TyishaScheweYhxo2@yahoo.biz,TyishaSchewe,
1116,LloydGuillemettelNbc3@gmail.com,LloydGuillemette,
1117,LloydLanzw8r04@gmail.net,LloydLanz,
1118,LaineMischkeP6aO5@gmail.net,LaineMischke,
1119,MicheleByronzpuZ6@hotmail.net,MicheleByron,
1120,QianaCultonXBrj7@yahoo.com,QianaCulton,
1121,RaleighCenterpscs8@gmail.biz,RaleighCenter,
1122,LarisaMoteNdHO9@hotmail.com,LarisaMote,
1123,MicheleBlockyUpl10@hotmail.com,MicheleBlock,
1124,LuzGuillemette9wv011@hotmail.biz,LuzGuillemette,
1125,TomiPingreeIiNA12@gmail.biz,TomiPingree,
1126,SamathaCultonQtZ613@outlook.biz,SamathaCulton,
1127,MargarettPingreeylQr14@gmail.biz,MargarettPingree,
1128,ZoniaPecorajlwl15@outlook.net,ZoniaPecora,
1129,LuzFetzerWiEG16@yahoo.com,LuzFetzer,
1130,ZoniaSchewelcOE17@yahoo.com,ZoniaSchewe,
1131,MicheleGrisbyP7Gm18@hotmail.net,MicheleGrisby,
1132,SharieMischkedkG219@hotmail.com,SharieMischke,
1133,BeckiParisCGTf20@gmail.com,BeckiParis,
1134,LarisaWrona9KVD21@hotmail.biz,LarisaWrona,
1135,LuzNorenUWve22@yahoo.biz,LuzNoren,
1136,AlejandroMoteuLKk23@outlook.net,AlejandroMote,
1137,LyndiaFleishmanR0CV24@hotmail.com,LyndiaFleishman,
1138,LeighaBadonPnEv25@hotmail.biz,LeighaBadon,
1139,SharieCobyaxHG26@yahoo.biz,SharieCoby,
1140,QianaMongoldOe1a27@hotmail.com,QianaMongold,
1141,TomiWronaTH6A28@yahoo.biz,TomiWrona,
1142,MicheleStovalV4ME29@gmail.net,MicheleStoval,
1143,LeighaNorenC5ZT30@gmail.com,LeighaNoren,
1144,LyndiaRamagetZ6A31@outlook.net,LyndiaRamage,
1145,GayleneKlempY0RV32@yahoo.com,GayleneKlemp,
1146,RebeckaKucerazmN733@gmail.biz,RebeckaKucera,
1147,BeckiGrisbyYQL834@gmail.biz,BeckiGrisby,
1148,GeorgiannaPepperlE2Z35@hotmail.biz,GeorgiannaPepper,
1149,AugustineLupoFhwY36@hotmail.net,AugustineLupo,
1150,ChristeenDrewsnMPW37@yahoo.com,ChristeenDrews,
1151,ArdenMongoldOzqA38@gmail.biz,ArdenMongold,
1152,RaleighWiersjo7e39@yahoo.biz,RaleighWiers,
1153,MargheritaGuillemettelVhz40@yahoo.com,MargheritaGuillemette,
1154,MargareteFleishman6T7B41@outlook.com,MargareteFleishman,
1155,BongBadonhL1c42@hotmail.com,BongBadon,
1156,SamathaDrewsDKRB43@outlook.biz,SamathaDrews,
1157,GeorgiannaFleishmanXrZw44@yahoo.com,GeorgiannaFleishman,
1158,BlytheMongoldZkQV45@hotmail.biz,BlytheMongold,
1159,LarisaRamageQ2Ez46@yahoo.com,LarisaRamage,
1160,SamathaCattkoeG47@outlook.com,SamathaCatt,
1161,ThomasByronD2pC48@outlook.net,ThomasByron,
1162,BongMayoralmX2l49@yahoo.com,BongMayoral,
1163,BongGeddes4oqp50@hotmail.net,BongGeddes,
1164,RebeckaVolkmanjE9351@gmail.com,RebeckaVolkman,
1165,SharieHaslett1YiT52@hotmail.net,SharieHaslett,
1166,BongMongoldQUPZ53@hotmail.com,BongMongold,
1167,BuffyBuresh3GSM54@outlook.net,BuffyBuresh,
1168,RaleighBureshQ7Hf55@gmail.biz,RaleighBuresh,
1169,QianaPekarp0bH56@gmail.com,QianaPekar,
1170,LloydScheweHFuP57@hotmail.biz,LloydSchewe,
1171,ElidaMayoralZH0Q58@gmail.biz,ElidaMayoral,
1172,JoanFleishmanuYSG59@hotmail.net,JoanFleishman,
1173,LloydVolkmanMgoE60@hotmail.biz,LloydVolkman,
1174,BeckiParisqIM161@hotmail.com,BeckiParis,
1175,ThomasPecoraItDY62@yahoo.com,ThomasPecora,
1176,JoanMischkeUvQq63@hotmail.com,JoanMischke,
1177,MargareteMenjivarpeCk64@gmail.net,MargareteMenjivar,
1178,LaineRamageTy1l65@outlook.biz,LaineRamage,
1179,BeckiLanzvLPq66@gmail.biz,BeckiLanz,
1180,AnthonyScheweOEck67@hotmail.net,AnthonySchewe,
1181,NancieCobyiwlt68@yahoo.biz,NancieCoby,
1182,GayleneBadongDV569@yahoo.biz,GayleneBadon,
1183,StephaniaGrumblesiTCB70@gmail.net,StephaniaGrumbles,
1184,LloydCultonKdpz71@hotmail.com,LloydCulton,
1185,GeorgiannaLupopnvc72@gmail.biz,GeorgiannaLupo,
1186,GayleneKazmierczaktPse73@outlook.com,GayleneKazmierczak,
1187,MarquisMichaudxyna74@yahoo.net,MarquisMichaud,
1188,RubiBlockQUqX75@outlook.net,RubiBlock,
1189,TamiHaslettBGh676@hotmail.com,TamiHaslett,
1190,TamiCobyKiYX77@yahoo.net,TamiCoby,
1191,JoanDrewsdaUp78@outlook.com,JoanDrews,
1192,BuffyMenjivarbNMI79@gmail.biz,BuffyMenjivar,
1193,CamelliaAnteseD1p80@hotmail.com,CamelliaAntes,
1194,ThomasMotsingerewZk81@outlook.com,ThomasMotsinger,
1195,MicheleGuillemetteMDDD82@hotmail.net,MicheleGuillemette,
1196,ElroyGuillemettePvVB83@gmail.biz,ElroyGuillemette,
1197,DiegoMongoldJh9k84@yahoo.net,DiegoMongold,
1198,NancieMischkew98l85@hotmail.net,NancieMischke,
1199,RebeckaCattPjdH86@outlook.biz,RebeckaCatt,
1200,GeorgiannaWierskzgm87@gmail.com,GeorgiannaWiers,
1201,ElidaLatsonuG8C88@yahoo.biz,ElidaLatson,
1202,MargarettByronXLpa89@gmail.com,MargarettByron,
1203,ElidaMichaudkgBl90@yahoo.com,ElidaMichaud,
1204,LainePekarMjYJ91@gmail.net,LainePekar,
1205,MargheritaLuporXt892@yahoo.biz,MargheritaLupo,
1206,JoanMotsingervaqN93@outlook.com,JoanMotsinger,
1207,MarquisCobywQsF94@hotmail.com,MarquisCoby,
1208,AlejandroMischkem32F95@outlook.net,AlejandroMischke,
1209,AlejandroGuillemettekLl696@gmail.biz,AlejandroGuillemette,
1210,StephaniaMotsinger9pPv97@outlook.net,StephaniaMotsinger,
1211,MicheleGrisbyfzcK98@hotmail.com,MicheleGrisby,
1212,LarisaRoberieYmBK99@hotmail.net,LarisaRoberie,
1213,RandyGuillemetteYd23100@gmail.net,RandyGuillemette,
1214,ThomasByronC19W101@gmail.com,ThomasByron,
1215,RebeckaRedner0Zys102@yahoo.com,RebeckaRedner,
1216,BongPekarX0Dl103@hotmail.biz,BongPekar,
1217,ZoniaSchewe7HOU104@gmail.biz,ZoniaSchewe,
1218,DionLatsonUyoi105@gmail.biz,DionLatson,
1219,JeaniceGeddeszwQ3106@yahoo.com,JeaniceGeddes,
1220,JoanBlockp4rM107@yahoo.net,JoanBlock,
1221,LawandaSchewevJvB108@yahoo.biz,LawandaSchewe,
1222,LloydGeddesycBx109@hotmail.net,LloydGeddes,
1223,MargheritaLatsonQ4kE110@hotmail.biz,MargheritaLatson,
1224,TyishaByronSVxU111@hotmail.com,TyishaByron,
1225,TomiSchewebH00112@gmail.net,TomiSchewe,
1226,TomiRoberieqMVv113@gmail.net,TomiRoberie,
1227,ArdenMichaudKGG5114@gmail.net,ArdenMichaud,
1228,LloydKazmierczakq3Dz115@yahoo.net,LloydKazmierczak,
1229,LuzDrewsMe2q116@yahoo.net,LuzDrews,
1230,ArdenDrewsjkU7117@yahoo.net,ArdenDrews,
1231,GayleneSernaiX7V118@hotmail.com,GayleneSerna,
1232,TamaFetzerHQPc119@yahoo.com,TamaFetzer,
1233,LuzPecoraliE3120@gmail.net,LuzPecora,
1234,JeaniceCultonrOLT121@gmail.com,JeaniceCulton,
1235,MarquisKuceraKSVB122@hotmail.net,MarquisKucera,
1236,ElidaRednerPjfi123@yahoo.biz,ElidaRedner,
1237,ArdenBureshXdy2124@yahoo.biz,ArdenBuresh,
1238,LyndiaMongoldsUqt125@outlook.biz,LyndiaMongold,
1239,JeaniceHoweg7OC126@outlook.net,JeaniceHowe,
1240,CloraPekard0Ll127@yahoo.net,CloraPekar,
1241,CamelliaMoteSKon128@gmail.biz,CamelliaMote,
1242,CamelliaByroni94f129@yahoo.biz,CamelliaByron,
1243,LeighaMayoral4Uqf130@outlook.biz,LeighaMayoral,
1244,MargheritaNorenrtH4131@hotmail.biz,MargheritaNoren,
1245,LuzDrews9eHw132@outlook.biz,LuzDrews,
1246,ElidaHoweowaG133@outlook.biz,ElidaHowe,
1247,MargarettSernawalQ134@yahoo.net,MargarettSerna,
1248,MaribelBureshVoow135@gmail.net,MaribelBuresh,
1249,NancieFetzerTZwK136@yahoo.net,NancieFetzer,
1250,QianaWiersCqVs137@outlook.com,QianaWiers,
1251,ArdenWrona5kMj138@hotmail.biz,ArdenWrona,
1252,BeckiPepperF8cd139@yahoo.net,BeckiPepper,
1253,MargheritaGuillemetteVPmn140@hotmail.biz,MargheritaGuillemette,
1254,LawandaFetzerU3qV141@gmail.com,LawandaFetzer,
1255,TamiMcnaughtgGxv142@gmail.net,TamiMcnaught,
1256,ThomasBureshU9GC143@hotmail.biz,ThomasBuresh,
1257,BeckiFleishmanzmT2144@outlook.com,BeckiFleishman,
1258,RubiAntes8ZEf145@yahoo.biz,RubiAntes,
1259,TamiPecoras6yu146@yahoo.com,TamiPecora,
1260,ElidaRamageLUHz147@hotmail.biz,ElidaRamage,
1261,TamiMichaudIAfo148@hotmail.biz,TamiMichaud,
1262,ZoniaSchewelONU149@yahoo.biz,ZoniaSchewe,
1263,RandyLanzUYZG150@hotmail.com,RandyLanz,
1264,BuffyMotsingerdOHk151@yahoo.com,BuffyMotsinger,
1265,MicheleSchildgensZbw152@hotmail.com,MicheleSchildgen,
1266,ErasmoLatsonmBbS153@outlook.net,ErasmoLatson,
1267,MargarettFetzermoUl154@yahoo.biz,MargarettFetzer,
1268,LeighaNoren2jKn155@hotmail.net,LeighaNoren,
1269,LawandaAntes8BO8156@hotmail.com,LawandaAntes,
1270,ZoniaRamage1X7b157@outlook.biz,ZoniaRamage,
1271,GeorgiannaMenjivaroosn158@gmail.net,GeorgiannaMenjivar,
1272,MarquisKucerawMtY159@gmail.net,MarquisKucera,
1273,ErasmoMayoralQlDv160@hotmail.biz,ErasmoMayoral,
1274,TomiByronG5mo161@outlook.biz,TomiByron,
1275,BuffyLanzwcDu162@gmail.net,BuffyLanz,
1276,RaleighRamageh30R163@yahoo.net,RaleighRamage,
1277,MargareteLanzUsnf164@yahoo.biz,MargareteLanz,
1278,CamelliaSernaUuR9165@hotmail.net,CamelliaSerna,
1279,TamaMongoldeL37166@hotmail.biz,TamaMongold,
1280,QianaWrona2Cdq167@hotmail.net,QianaWrona,
1281,LuzGrisby42UC168@yahoo.biz,LuzGrisby,
1282,BlytheNorenMyqa169@outlook.biz,BlytheNoren,
1283,LaineSchroederAMuu170@hotmail.net,LaineSchroeder,
1284,BongKlemp2yqA171@gmail.biz,BongKlemp,
1285,DiegoBlockiJqA172@outlook.com,DiegoBlock,
1286,MargareteGuillemetteBVLF173@outlook.com,MargareteGuillemette,
1287,BongGrisbyoI3C174@hotmail.net,BongGrisby,
1288,GayleneRednerN2Zc175@gmail.com,GayleneRedner,
1289,RaleighHowerb0j176@hotmail.com,RaleighHowe,
1290,BuffyGuillemetteHlTg177@yahoo.net,BuffyGuillemette,
1291,DiegoKlempsCWU178@hotmail.biz,DiegoKlemp,
1292,BongPecora3jVM179@gmail.net,BongPecora,
1293,MicheleVolkmaniJxK180@gmail.net,MicheleVolkman,
1294,JeaniceCultoni5Du181@outlook.net,JeaniceCulton,
1295,LeighaCultonL4iu182@gmail.com,LeighaCulton,
1296,BeckiCattXBX3183@yahoo.com,BeckiCatt,
1297,LyndiaDrewsC1Ze184@yahoo.net,LyndiaDrews,
1298,BongPecoran5Js185@outlook.biz,BongPecora,
1299,AnthonyNorenjEzx186@hotmail.biz,AnthonyNoren,
1300,LyndiaLupoN70x187@yahoo.biz,LyndiaLupo,
1301,ElidaMenjivarkyNP188@hotmail.net,ElidaMenjivar,
1302,MarquisCulton94p4189@outlook.biz,MarquisCulton,
1303,LloydByrontTbG190@outlook.net,LloydByron,
1304,MargareteLatson6Wbv191@yahoo.net,MargareteLatson,
1305,ElroyPingree3nOf192@gmail.com,ElroyPingree,
1306,TomiPekarurfN193@hotmail.net,TomiPekar,
1307,RebeckaWiersYAM2194@gmail.biz,RebeckaWiers,
1308,MargarettRednerzcae195@yahoo.net,MargarettRedner,
1309,TyishaMayoral1Fta196@gmail.net,TyishaMayoral,
1310,AnthonySernasjxH197@yahoo.biz,AnthonySerna,
1311,CamelliaMotsingerqoDl198@outlook.net,CamelliaMotsinger,
1312,MargareteRamageFC8z199@hotmail.biz,MargareteRamage,
1313,LawandaCultonWV1M200@hotmail.biz,LawandaCulton,
1314,BlytheMischke4q8s201@outlook.net,BlytheMischke,
1315,DiegoMayoralcZzY202@outlook.biz,DiegoMayoral,
1316,YuriParisSJKz203@gmail.com,YuriParis,
1317,SamathaCentervrQz204@gmail.biz,SamathaCenter,
1318,MarquisGrisbyvEwc205@gmail.com,MarquisGrisby,
1319,GaylenePecoraMQxg206@outlook.com,GaylenePecora,
1320,AugustineMischkeY6RI207@yahoo.biz,AugustineMischke,
1321,MargheritaGeddesd3Xb208@yahoo.com,MargheritaGeddes,
1322,ArdenRamagehLww209@yahoo.net,ArdenRamage,
1323,TamaRamage23PQ210@yahoo.net,TamaRamage,
1324,LeighaStovalRkZE211@hotmail.net,LeighaStoval,
1325,ArdenPekar0vPT212@yahoo.com,ArdenPekar,
1326,ZoniaParisecRC213@gmail.net,ZoniaParis,
1327,TyishaHaslettYFqo214@yahoo.biz,TyishaHaslett,
1328,StephaniaDrewsfJAj215@gmail.net,StephaniaDrews,
1329,RaleighLatsonB2WE216@hotmail.biz,RaleighLatson,
1330,LawandaAntes9tJj217@yahoo.com,LawandaAntes,
1331,TamiLanzFeFp218@gmail.net,TamiLanz,
1332,LeighaMcnaughtgO2T219@hotmail.net,LeighaMcnaught,
1333,TamiPingreemW3h220@hotmail.net,TamiPingree,
1334,MargarettMongold9W5p221@gmail.com,MargarettMongold,
1335,MaribelDamronMIZq222@outlook.biz,MaribelDamron,
1336,ThomasFleishmanYzqz223@outlook.biz,ThomasFleishman,
1337,ElidaFleishmantlhV224@hotmail.biz,ElidaFleishman,
1338,TamiSernaihOb225@yahoo.net,TamiSerna,
1339,LawandaFetzerkHnb226@yahoo.biz,LawandaFetzer,
1340,GeorgiannaGrumblesip2S227@gmail.net,GeorgiannaGrumbles,
1341,StephaniaRamage8joG228@hotmail.biz,StephaniaRamage,
1342,NancieGrisby9WZ1229@gmail.com,NancieGrisby,
1343,TamiSchildgene6ie230@outlook.com,TamiSchildgen,
1344,StephaniaMotsingeryhA5231@outlook.com,StephaniaMotsinger,
1345,YuriRoberieBvJY232@yahoo.com,YuriRoberie,
1346,AugustineMichaud4XLh233@outlook.com,AugustineMichaud,
1347,AugustineDamronG6TH234@hotmail.com,AugustineDamron,
1348,LuzGrisby0Sgr235@gmail.com,LuzGrisby,
1349,RandyHaslettMeF9236@gmail.com,RandyHaslett,
1350,LloydPingreeO50F237@hotmail.com,LloydPingree,
1351,RebeckaCultonKu27238@gmail.biz,RebeckaCulton,
1352,LyndiaBureshzMUA239@hotmail.biz,LyndiaBuresh,
1353,JoanMenjivarNOom240@outlook.net,JoanMenjivar,
1354,DiegoCattQOIy241@yahoo.net,DiegoCatt,
1355,BeckiPecoraxUDd242@gmail.com,BeckiPecora,
1356,BlytheSernaVU0k243@hotmail.biz,BlytheSerna,
1357,BongGuillemetteaXed244@gmail.biz,BongGuillemette,
1358,CloraPecora80vS245@outlook.net,CloraPecora,
1359,BongKlempEXD7246@yahoo.net,BongKlemp,
1360,GayleneMotsingerofft247@gmail.net,GayleneMotsinger,
1361,DiegoVolkmanZjNv248@yahoo.com,DiegoVolkman,
1362,CloraMichaud07xQ249@hotmail.com,CloraMichaud,
1363,MarquisMcnaught18VN250@outlook.biz,MarquisMcnaught,
1364,LawandaLatson1CnP251@hotmail.biz,LawandaLatson,
1365,TamaDamronWu6x252@outlook.net,TamaDamron,
1366,DiegoWiersri0n253@yahoo.com,DiegoWiers,
1367,LawandaCenter2KKJ254@gmail.com,LawandaCenter,
1368,TyishaBureshiIpa255@outlook.net,TyishaBuresh,
1369,BeckiHoweftan256@outlook.net,BeckiHowe,
1370,RaleighMongoldksJk257@outlook.com,RaleighMongold,
1371,JeaniceLanzwWLg258@yahoo.net,JeaniceLanz,
1372,MaribelVolkman85SN259@outlook.com,MaribelVolkman,
1373,TamiGeddespGnB260@outlook.net,TamiGeddes,
1374,ErasmoLupomcOc261@hotmail.com,ErasmoLupo,
1375,JohnathonGeddesCwTM262@outlook.com,JohnathonGeddes,
1376,MargareteRoberieo2rT263@outlook.com,MargareteRoberie,
1377,ElroyDrewsyBS9264@outlook.net,ElroyDrews,
1378,SharieNorenkC3g265@hotmail.net,SharieNoren,
1379,SamathaCatteH8p266@gmail.net,SamathaCatt,
1380,MargareteVolkman3bIL267@outlook.biz,MargareteVolkman,
1381,RaleighPingreeUs4P268@outlook.net,RaleighPingree,
1382,RaleighPingreeJQzn269@gmail.biz,RaleighPingree,
1383,QianaGeddesgb0L270@outlook.biz,QianaGeddes,
1384,NanciePekarfP05271@outlook.net,NanciePekar,
1385,CloraNorenpViI272@gmail.com,CloraNoren,
1386,TamaGrisbyCMof273@outlook.com,TamaGrisby,
1387,TamiDrewsGEXo274@hotmail.com,TamiDrews,
1388,LawandaVolkmanE8QA275@hotmail.net,LawandaVolkman,
1389,AnthonyBureshcKhz276@gmail.biz,AnthonyBuresh,
1390,AlejandroStoval2Fq4277@gmail.com,AlejandroStoval,
1391,MargareteStovalLOXj278@hotmail.com,MargareteStoval,
1392,MargheritaLanzce9H279@outlook.com,MargheritaLanz,
1393,BlytheCentern62o280@gmail.com,BlytheCenter,
1394,ZoniaMischkeTV4Q281@hotmail.biz,ZoniaMischke,
1395,QianaDamron5g5u282@hotmail.biz,QianaDamron,
1396,YuriCattUA1S283@yahoo.com,YuriCatt,
1397,MargareteBureshGbbT284@gmail.net,MargareteBuresh,
1398,TomiMotsingerEeeu285@outlook.com,TomiMotsinger,
1399,JeaniceCultonO2KV286@gmail.net,JeaniceCulton,
1400,MarquisHoweo35D287@gmail.com,MarquisHowe,
1401,MaribelPepperdMGm288@gmail.biz,MaribelPepper,
1402,LuzRedneruLaA289@outlook.com,LuzRedner,
1403,BongLanzaxiv290@outlook.com,BongLanz,
1404,RandyPingreeYymY291@gmail.net,RandyPingree,
1405,SamathaWiersqsME292@yahoo.com,SamathaWiers,
1406,TomiKazmierczakJTMj293@outlook.biz,TomiKazmierczak,
1407,AugustineRednerR1mi294@outlook.biz,AugustineRedner,
1408,ThomasKlempPrLh295@hotmail.biz,ThomasKlemp,
1409,RaleighMischkeMXiH296@yahoo.biz,RaleighMischke,
1410,TomiMenjivarerh7297@yahoo.com,TomiMenjivar,
1411,RebeckaSchildgenjFL1298@outlook.biz,RebeckaSchildgen,
1412,LawandaBadonWZcY299@outlook.net,LawandaBadon,
1413,TyishaMongoldZhUd300@hotmail.biz,TyishaMongold,
1414,CloraWiersZPWF301@yahoo.com,CloraWiers,
1415,JohnathonLatsonIwr2302@outlook.com,JohnathonLatson,
1416,JeaniceKuceraCM4w303@outlook.biz,JeaniceKucera,
1417,JoanCattSBxO304@hotmail.net,JoanCatt,
1418,JeaniceGrisbyS324305@gmail.net,JeaniceGrisby,
1419,LyndiaBlockgWWX306@outlook.com,LyndiaBlock,
1420,ErasmoFleishmanXb3E307@hotmail.com,ErasmoFleishman,
1421,GeorgiannaKazmierczakJcTZ308@yahoo.biz,GeorgiannaKazmierczak,
1422,TyishaCatthU9l309@gmail.com,TyishaCatt,
1423,TyishaMayoralg7tZ310@hotmail.biz,TyishaMayoral,
1424,BlytheSchroederYAlx311@outlook.net,BlytheSchroeder,
1425,ZoniaKlempWF0y312@yahoo.biz,ZoniaKlemp,
1426,TyishaKlemphctP313@hotmail.com,TyishaKlemp,
1427,JohnathonPekarofEy314@hotmail.net,JohnathonPekar,
1428,LuzLupoKIdU315@yahoo.net,LuzLupo,
1429,BuffyMayoralPwYc316@gmail.com,BuffyMayoral,
1430,TamiVolkmanyRH3317@hotmail.biz,TamiVolkman,
1431,MargareteFetzerrD8v318@outlook.net,MargareteFetzer,
1432,JeaniceKucera8RGj319@outlook.biz,JeaniceKucera,
1433,BongStovalxBx8320@outlook.net,BongStoval,
1434,TyishaMcnaughtRepe321@outlook.biz,TyishaMcnaught,
1435,LuzRoberieCxlr322@outlook.net,LuzRoberie,
1436,ElroyBureshTVhN323@hotmail.net,ElroyBuresh,
1437,StephaniaSchroeder3j6S324@hotmail.com,StephaniaSchroeder,
1438,CloraMotsingerF4u5325@gmail.com,CloraMotsinger,
1439,JohnathonBadonw7MU326@outlook.net,JohnathonBadon,
1440,MaribelAntesSjYF327@outlook.com,MaribelAntes,
1441,StephaniaSernamOWf328@outlook.net,StephaniaSerna,
1442,StephaniaWiersp63a329@yahoo.biz,StephaniaWiers,
1443,LaineSerna00uw330@hotmail.com,LaineSerna,
1444,LaineLupoAnD1331@outlook.net,LaineLupo,
1445,AnthonyRoberieutEC332@gmail.net,AnthonyRoberie,
1446,AugustineCenterUENn333@yahoo.net,AugustineCenter,
1447,RubiCobykxY5334@hotmail.net,RubiCoby,
1448,JohnathonHaslettTFOc335@outlook.com,JohnathonHaslett,
1449,AugustineNorenA5DE336@gmail.biz,AugustineNoren,
1450,AnthonyLupoZAbu337@yahoo.biz,AnthonyLupo,
1451,LuzBadonhzFH338@outlook.biz,LuzBadon,
1452,BlythePecorayWlq339@outlook.com,BlythePecora,
1453,BlytheBureshkM26340@gmail.net,BlytheBuresh,
1454,ElidaKlempdoJc341@hotmail.com,ElidaKlemp,
1455,MargareteSerna8C8G342@hotmail.com,MargareteSerna,
1456,LarisaLatsonMCXo343@gmail.com,LarisaLatson,
1457,ElroyMichaudgvP9344@hotmail.net,ElroyMichaud,
1458,MargheritaSchildgenawFP345@yahoo.net,MargheritaSchildgen,
1459,AnthonyGuillemettezbpD346@gmail.com,AnthonyGuillemette,
1460,MaribelGrumbles1Fze347@yahoo.net,MaribelGrumbles,
1461,MargheritaSerna82C7348@gmail.biz,MargheritaSerna,
1462,DionGuillemettewfjA349@yahoo.biz,DionGuillemette,
1463,BongBureshXS3f350@yahoo.net,BongBuresh,
1464,JoanNorenvxjs351@gmail.net,JoanNoren,
1465,JeaniceMotsingert1gf352@gmail.net,JeaniceMotsinger,
1466,GayleneFetzerPSV2353@yahoo.com,GayleneFetzer,
1467,AlejandroMenjivarQa6N354@yahoo.com,AlejandroMenjivar,
1468,AugustineSchroeder42l5355@outlook.biz,AugustineSchroeder,
1469,JoanNorennDmf356@outlook.biz,JoanNoren,
1470,DiegoGeddesHYaO357@gmail.net,DiegoGeddes,
1471,ThomasGrisbyJWA5358@gmail.net,ThomasGrisby,
1472,LuzSchewev7tg359@gmail.biz,LuzSchewe,
1473,AugustineLanzAr27360@outlook.net,AugustineLanz,
1474,LarisaKlempHNzx361@gmail.net,LarisaKlemp,
1475,QianaLanz92AR362@yahoo.com,QianaLanz,
1476,DiegoDamrondPSk363@outlook.net,DiegoDamron,
1477,BeckiGrumbles3VJ0364@yahoo.com,BeckiGrumbles,
1478,LloydMotsingerjjtW365@hotmail.net,LloydMotsinger,
1479,DiegoSchildgenfqTu366@outlook.net,DiegoSchildgen,
1480,LaineDrewsVqDg367@gmail.biz,LaineDrews,
1481,MarquisStovalvO7Q368@yahoo.net,MarquisStoval,
1482,ShariePekardBiw369@yahoo.net,ShariePekar,
1483,SharieCenterRSmG370@hotmail.biz,SharieCenter,
1484,TyishaNorenbEyC371@hotmail.net,TyishaNoren,
1485,LainePeppermU64372@yahoo.com,LainePepper,
1486,LuzMotsingerLxRU373@yahoo.net,LuzMotsinger,
1487,BongParisiuS8374@gmail.com,BongParis,
1488,JohnathonAntesiTMO375@gmail.net,JohnathonAntes,
1489,GayleneSchewehRkC376@gmail.net,GayleneSchewe,
1490,ChristeenRoberieJdZN377@gmail.net,ChristeenRoberie,
1491,MarquisBlockCSOs378@gmail.com,MarquisBlock,
1492,DionKlempdTMN379@gmail.biz,DionKlemp,
1493,LaineMichaudLiv0380@hotmail.net,LaineMichaud,
1494,AugustineKlempsnmM381@yahoo.biz,AugustineKlemp,
1495,DiegoDamronkJeD382@outlook.net,DiegoDamron,
1496,BeckiKucerasCC7383@outlook.com,BeckiKucera,
1497,MaribelCobyihT7384@hotmail.com,MaribelCoby,
1498,MaribelKuceraYKra385@outlook.com,MaribelKucera,
1499,JoanSerna8xee386@gmail.biz,JoanSerna,
1500,LawandaRamagexUCL387@hotmail.biz,LawandaRamage,
1501,TamiPecoraL9wF388@outlook.net,TamiPecora,
1502,StephaniaLupoUxaU389@outlook.com,StephaniaLupo,
1503,LeighaCobyT2IP390@outlook.biz,LeighaCoby,
1504,ElidaCenterSMHS391@outlook.com,ElidaCenter,
1505,DiegoRamagenZTK392@gmail.net,DiegoRamage,
1506,RebeckaVolkmanCP55393@outlook.net,RebeckaVolkman,
1507,GayleneMoteKb6T394@outlook.net,GayleneMote,
1508,TomiSchewe1WDf395@yahoo.biz,TomiSchewe,
1509,RubiBuresh5X8Y396@yahoo.net,RubiBuresh,
1510,JeaniceGrumblesLnKK397@hotmail.biz,JeaniceGrumbles,
1511,MargarettHaslettpzxV398@hotmail.net,MargarettHaslett,
1512,JeaniceKuceraSqb7399@outlook.com,JeaniceKucera,
1513,ThomasKucera3izm400@yahoo.biz,ThomasKucera,
1514,MarquisMischkeONfM401@hotmail.net,MarquisMischke,
1515,BuffyMongoldXS8p402@hotmail.biz,BuffyMongold,
1516,SharieWiersCRBb403@gmail.com,SharieWiers,
1517,ZoniaPecorabSVb404@gmail.com,ZoniaPecora,
1518,LawandaAntes3Vxj405@outlook.biz,LawandaAntes,
1519,JohnathonFetzerMr9E406@gmail.net,JohnathonFetzer,
1520,GayleneGrumblesPeib407@yahoo.com,GayleneGrumbles,
1521,NancieFetzer7MFP408@outlook.biz,NancieFetzer,
1522,QianaMcnaughtJ6vU409@yahoo.biz,QianaMcnaught,
1523,LloydBadon2Viw410@gmail.biz,LloydBadon,
1524,LawandaRedner2AQQ411@gmail.com,LawandaRedner,
1525,MarquisSchewevCEA412@gmail.com,MarquisSchewe,
1526,ElroyKlemprKGz413@yahoo.net,ElroyKlemp,
1527,MargareteBureshW6Bb414@gmail.com,MargareteBuresh,
1528,ErasmoMongoldGvMU415@yahoo.biz,ErasmoMongold,
1529,DionWronaMSbg416@yahoo.com,DionWrona,
1530,ElidaStovall1oh417@outlook.net,ElidaStoval,
1531,MargheritaFleishman9yxD418@hotmail.com,MargheritaFleishman,
1532,AugustineAnteskTAN419@outlook.biz,AugustineAntes,
1533,RebeckaWronaaBgc420@yahoo.net,RebeckaWrona,
1534,RubiLanzHq8O421@yahoo.net,RubiLanz,
1535,YuriSchildgenvZX5422@yahoo.com,YuriSchildgen,
1536,StephaniaMotebOZt423@hotmail.biz,StephaniaMote,
1537,DionPingreejoWa424@hotmail.com,DionPingree,
1538,ChristeenBureshNb0s425@yahoo.biz,ChristeenBuresh,
1539,ZoniaMichaudvNtG426@yahoo.net,ZoniaMichaud,
1540,TamaCenterS9ml427@yahoo.biz,TamaCenter,
1541,QianaHaslettIsbl428@outlook.net,QianaHaslett,
1542,StephaniaGeddesQK8M429@gmail.biz,StephaniaGeddes,
1543,LuzPekarw5f7430@hotmail.net,LuzPekar,
1544,JoanHowe4Clw431@hotmail.biz,JoanHowe,
1545,BlytheVolkman27yb432@hotmail.com,BlytheVolkman,
1546,TamiLupoiyHZ433@yahoo.com,TamiLupo,
1547,TamiMischkeqmQD434@gmail.net,TamiMischke,
1548,LloydSchildgen9Zsd435@gmail.com,LloydSchildgen,
1549,MargheritaLatsonoeNB436@hotmail.net,MargheritaLatson,
1550,MargareteRoberieu3p6437@hotmail.biz,MargareteRoberie,
1551,TyishaSchildgenNRNy438@yahoo.net,TyishaSchildgen,
1552,AlejandroPingreeSXR6439@yahoo.net,AlejandroPingree,
1553,LuzCobyPsM7440@outlook.com,LuzCoby,
1554,LloydKazmierczakni6y441@hotmail.net,LloydKazmierczak,
1555,ArdenVolkman5zud442@gmail.net,ArdenVolkman,
1556,SamathaMotecqTR443@hotmail.biz,SamathaMote,
1557,MargareteCattn6J6444@hotmail.net,MargareteCatt,
1558,BlytheRamagedtzg445@hotmail.com,BlytheRamage,
1559,BlytheGrumblesMw03446@yahoo.com,BlytheGrumbles,
1560,LawandaWronazr7Z447@outlook.com,LawandaWrona,
1561,ThomasGrisbyjfzC448@gmail.com,ThomasGrisby,
1562,StephaniaPecoraEoMx449@yahoo.com,StephaniaPecora,
1563,MargheritaMongoldtBzK450@yahoo.com,MargheritaMongold,
1564,CamelliaMichaudEhBj451@outlook.biz,CamelliaMichaud,
1565,JohnathonLupoe2BN452@hotmail.com,JohnathonLupo,
1566,DionGrisbyGOXt453@outlook.net,DionGrisby,
1567,DiegoKlempr9Bj454@yahoo.net,DiegoKlemp,
1568,CloraFetzerXGzV455@gmail.com,CloraFetzer,
1569,GayleneDamronFsbQ456@hotmail.biz,GayleneDamron,
1570,SamathaSchewe0zgS457@gmail.biz,SamathaSchewe,
1571,TamaGrisbyKB0Q458@gmail.com,TamaGrisby,
1572,AlejandroMcnaught5dRz459@yahoo.com,AlejandroMcnaught,
1573,CamelliaWiersrsaJ460@outlook.com,CamelliaWiers,
1574,BlytheRamageIFVP461@yahoo.biz,BlytheRamage,
1575,GeorgiannaGeddesvdNt462@hotmail.net,GeorgiannaGeddes,
1576,CamelliaLupo19oL463@outlook.com,CamelliaLupo,
1577,RandyVolkmanQgG1464@hotmail.com,RandyVolkman,
1578,LarisaGrisbyM6jw465@outlook.biz,LarisaGrisby,
1579,CamelliaCenterLg7d466@outlook.biz,CamelliaCenter,
1580,TomiNorenb2Vg467@gmail.net,TomiNoren,
1581,TamaGuillemetteXkBq468@hotmail.biz,TamaGuillemette,
1582,YuriWronaLAI5469@yahoo.net,YuriWrona,
1583,DiegoKlemp9Wdp470@hotmail.net,DiegoKlemp,
1584,MargheritaCatt9AD3471@outlook.com,MargheritaCatt,
1585,TamaMoteK1tE472@outlook.biz,TamaMote,
1586,RebeckaFleishmansqs5473@hotmail.net,RebeckaFleishman,
1587,StephaniaFetzerX52l474@hotmail.com,StephaniaFetzer,
1588,GeorgiannaMotesd3S475@hotmail.biz,GeorgiannaMote,
1589,LloydMayoralP9GP476@yahoo.com,LloydMayoral,
1590,TyishaKlempwSzn477@hotmail.net,TyishaKlemp,
1591,BeckiMongold5SNq478@hotmail.com,BeckiMongold,
1592,MargarettLupo3xfi479@yahoo.net,MargarettLupo,
1593,RandyCultonv2Bl480@gmail.net,RandyCulton,
1594,JoanSernavStq481@gmail.com,JoanSerna,
1595,RebeckaBlockfiCo482@outlook.biz,RebeckaBlock,
1596,LaineNorenPS3G483@yahoo.biz,LaineNoren,
1597,BuffyMichaudMEXN484@outlook.com,BuffyMichaud,
1598,LyndiaLatsonenLx485@gmail.com,LyndiaLatson,
1599,StephaniaFetzer0C2x486@outlook.biz,StephaniaFetzer,
1600,MargaretePecoraihOc487@yahoo.net,MargaretePecora,
1601,MicheleFleishmanyetb488@hotmail.com,MicheleFleishman,
1602,AlejandroCultonSU9G489@yahoo.net,AlejandroCulton,
1603,AnthonyRednerFeOs490@yahoo.net,AnthonyRedner,
1604,AugustineWrona7Uev491@outlook.biz,AugustineWrona,
1605,LarisaBlockfLKa492@yahoo.net,LarisaBlock,
1606,CamelliaRamageXd6P493@yahoo.com,CamelliaRamage,
1607,TamaMichaudbEtw494@outlook.net,TamaMichaud,
1608,LawandaCultonOpb5495@hotmail.com,LawandaCulton,
1609,SharieKuceraIrcw496@outlook.com,SharieKucera,
1610,ChristeenRamage3D4j497@gmail.biz,ChristeenRamage,
1611,MargareteKazmierczakNXbW498@gmail.com,MargareteKazmierczak,
1612,ThomasMenjivartSVD499@hotmail.com,ThomasMenjivar,
1613,AnthonyMongoldeCLp500@yahoo.com,AnthonyMongold,
1614,ZoniaLatsonZCtz501@outlook.com,ZoniaLatson,
1615,SamathaScheweUNta502@gmail.net,SamathaSchewe,
1616,MargheritaPingreeKceL503@yahoo.biz,MargheritaPingree,
1617,AlejandroHoweao03504@gmail.com,AlejandroHowe,
1618,LawandaSerna5Umd505@yahoo.biz,LawandaSerna,
1619,LeighaCultonCXC7506@gmail.net,LeighaCulton,
1620,GeorgiannaPekarKEYj507@hotmail.net,GeorgiannaPekar,
1621,ChristeenMenjivarQUPp508@yahoo.biz,ChristeenMenjivar,
1622,ErasmoAntesV5KL509@gmail.com,ErasmoAntes,
1623,LloydHaslett7Pbl510@yahoo.net,LloydHaslett,
1624,LaineDrewsbWmK511@hotmail.com,LaineDrews,
1625,ErasmoCobyH3kP512@yahoo.biz,ErasmoCoby,
1626,LeighaMayoralog5I513@outlook.net,LeighaMayoral,
1627,AugustineBureshc6kq514@gmail.biz,AugustineBuresh,
1628,JeaniceCobyYqOr515@yahoo.net,JeaniceCoby,
1629,MargheritaPepperdEex516@yahoo.biz,MargheritaPepper,
1630,LloydKazmierczakVjYC517@hotmail.com,LloydKazmierczak,
1631,BlytheFetzer7N7I518@gmail.biz,BlytheFetzer,
1632,LawandaKlempTvgX519@yahoo.com,LawandaKlemp,
1633,TamiFetzerbpKI520@yahoo.com,TamiFetzer,
1634,LloydVolkmanA5tY521@gmail.com,LloydVolkman,
1635,BongLupoEE5e522@yahoo.net,BongLupo,
1636,QianaMote5ETf523@outlook.net,QianaMote,
1637,TomiFleishmanIH3Q524@gmail.biz,TomiFleishman,
1638,AnthonySchroederSJAa525@hotmail.biz,AnthonySchroeder,
1639,BongAntes93ZC526@yahoo.net,BongAntes,
1640,YuriMongoldvt0p527@outlook.net,YuriMongold,
1641,LuzHaslett0mfW528@gmail.com,LuzHaslett,
1642,MargareteMichaudyanL529@outlook.com,MargareteMichaud,
1643,TamiBlockhef7530@gmail.biz,TamiBlock,
1644,RandyParisBDtl531@yahoo.net,RandyParis,
1645,BlytheCultonJqDn532@yahoo.com,BlytheCulton,
1646,LaineKlempIs2L533@yahoo.net,LaineKlemp,
1647,ArdenMenjivarcQjU534@gmail.net,ArdenMenjivar,
1648,AlejandroKazmierczakUSBw535@gmail.com,AlejandroKazmierczak,
1649,MicheleAntesltUq536@gmail.com,MicheleAntes,
1650,TamiKuceraEJKS537@hotmail.biz,TamiKucera,
1651,TamaLanzKRtj538@outlook.com,TamaLanz,
1652,RaleighMayoralS7n4539@yahoo.net,RaleighMayoral,
1653,ElroyDrewsA9lv540@yahoo.com,ElroyDrews,
1654,StephaniaRamagehlE8541@hotmail.net,StephaniaRamage,
1655,LyndiaBureshjDWJ542@hotmail.biz,LyndiaBuresh,
1656,RubiCultonsF6B543@gmail.com,RubiCulton,
1657,TamaCenterNXjY544@outlook.net,TamaCenter,
1658,TomiRoberie6ltb545@outlook.biz,TomiRoberie,
1659,MargarettMongoldEGTw546@yahoo.biz,MargarettMongold,
1660,GeorgiannaSchroeder65pg547@yahoo.com,GeorgiannaSchroeder,
1661,ElidaPeppergaov548@hotmail.net,ElidaPepper,
1662,ThomasCattdZjo549@hotmail.net,ThomasCatt,
1663,LeighaKlemp4nQD550@hotmail.com,LeighaKlemp,
1664,RandyKlemph4Fv551@outlook.com,RandyKlemp,
1665,JohnathonMcnaughtZdO2552@outlook.com,JohnathonMcnaught,
1666,LarisaVolkmanT3gG553@outlook.net,LarisaVolkman,
1667,ErasmoSchroederg17I554@yahoo.com,ErasmoSchroeder,
1668,LaineByronJ5ma555@hotmail.net,LaineByron,
1669,LeighaFetzerRCoi556@hotmail.com,LeighaFetzer,
1670,BongLupoEQc7557@gmail.biz,BongLupo,
1671,JeaniceSchildgenUEID558@hotmail.com,JeaniceSchildgen,
1672,LuzGrumblesagVr559@hotmail.biz,LuzGrumbles,
1673,JeaniceWrona7ub0560@outlook.net,JeaniceWrona,
1674,GayleneSernaf0IJ561@yahoo.net,GayleneSerna,
1675,LarisaSerna2tU4562@yahoo.com,LarisaSerna,
1676,MargarettMongold4Dpd563@gmail.com,MargarettMongold,
1677,ChristeenKuceraxHN3564@yahoo.biz,ChristeenKucera,
1678,SamathaCultonLrOS565@gmail.com,SamathaCulton,
1679,ErasmoWiersNNhC566@outlook.com,ErasmoWiers,
1680,DionRednerbnWg567@gmail.net,DionRedner,
1681,RandyPekarrDq9568@hotmail.biz,RandyPekar,
1682,GayleneWronaLrek569@hotmail.biz,GayleneWrona,
1683,TyishaMcnaughtUPTK570@yahoo.biz,TyishaMcnaught,
1684,AnthonyScheweSoBo571@yahoo.net,AnthonySchewe,
1685,TamaMotsingerNIoT572@hotmail.biz,TamaMotsinger,
1686,MargarettDamronzLDC573@hotmail.biz,MargarettDamron,
1687,SharieMcnaughtnQfQ574@gmail.com,SharieMcnaught,
1688,BlytheCattwV3q575@gmail.com,BlytheCatt,
1689,DiegoDamronwpl1576@gmail.com,DiegoDamron,
1690,RaleighCultonCQrS577@outlook.net,RaleighCulton,
1691,TamaGrumbleskLgd578@gmail.net,TamaGrumbles,
1692,ErasmoKlemp8uaT579@outlook.net,ErasmoKlemp,
1693,DiegoMotsingerQw7J580@yahoo.com,DiegoMotsinger,
1694,JeaniceMayoralbh6r581@hotmail.net,JeaniceMayoral,
1695,DionStovalVYZv582@gmail.biz,DionStoval,
1696,TomiKazmierczakptfL583@outlook.biz,TomiKazmierczak,
1697,LloydCattvJaH584@hotmail.com,LloydCatt,
1698,LeighaVolkman2c5q585@outlook.biz,LeighaVolkman,
1699,LarisaPekarNekG586@outlook.biz,LarisaPekar,
1700,RebeckaFleishmanYyI9587@yahoo.net,RebeckaFleishman,
1701,BuffyMcnaught9VDl588@gmail.net,BuffyMcnaught,
1702,ThomasStovalq1Ju589@yahoo.net,ThomasStoval,
1703,CloraWiers4beN590@hotmail.biz,CloraWiers,
1704,BeckiParisJfyA591@yahoo.net,BeckiParis,
1705,LainePingreedwhS592@gmail.com,LainePingree,
1706,MaribelFetzerkQKP593@yahoo.biz,MaribelFetzer,
1707,MicheleMongoldZo7t594@outlook.com,MicheleMongold,
1708,DionStovalLiPS595@outlook.com,DionStoval,
1709,GayleneVolkmanObJH596@yahoo.com,GayleneVolkman,
1710,LyndiaDamronIOJ7597@gmail.net,LyndiaDamron,
1711,ElroyVolkmaneq7O598@hotmail.net,ElroyVolkman,
1712,LaineHaslettn9VN599@yahoo.net,LaineHaslett,
1713,SharieCenter1Rs1600@hotmail.biz,SharieCenter,
1714,LuzWronaB7SY601@hotmail.biz,LuzWrona,
1715,DiegoSernamoMs602@gmail.net,DiegoSerna,
1716,GayleneCobyAjqR603@gmail.net,GayleneCoby,
1717,ArdenLanzvfs3604@gmail.net,ArdenLanz,
1718,TamaLanzO4bF605@hotmail.net,TamaLanz,
1719,NancieLupovnBY606@gmail.net,NancieLupo,
1720,MaribelLanzkN0U607@outlook.net,MaribelLanz,
1721,StephaniaMotsingerdEcE608@hotmail.com,StephaniaMotsinger,
1722,ErasmoWiersNXAx609@yahoo.biz,ErasmoWiers,
1723,QianaPecora9PA9610@yahoo.com,QianaPecora,
1724,MargareteHowesBdx611@gmail.com,MargareteHowe,
1725,DionMotsingerg5wn612@gmail.biz,DionMotsinger,
1726,NancieVolkmanpXpA613@gmail.com,NancieVolkman,
1727,DionMichaudX7dc614@yahoo.net,DionMichaud,
1728,ElroyParisRNU3615@yahoo.com,ElroyParis,
1729,JoanGeddesOkFK616@hotmail.net,JoanGeddes,
1730,BongGrumbleswpXu617@gmail.net,BongGrumbles,
1731,SharieSchroederZCiq618@gmail.net,SharieSchroeder,
1732,LuzKazmierczakQTBO619@hotmail.biz,LuzKazmierczak,
1733,LuzAntesjOPs620@hotmail.net,LuzAntes,
1734,SharieRoberieFjZG621@gmail.biz,SharieRoberie,
1735,MargarettMischketN4K622@gmail.com,MargarettMischke,
1736,MaribelVolkmanKtYt623@yahoo.com,MaribelVolkman,
1737,SharieCultonDQWk624@gmail.biz,SharieCulton,
1738,LaineMcnaughtMPNb625@gmail.net,LaineMcnaught,
1739,JeaniceFetzerPz8H626@yahoo.com,JeaniceFetzer,
1740,ArdenBureshQj5J627@gmail.net,ArdenBuresh,
1741,JeaniceMenjivar0IvL628@yahoo.net,JeaniceMenjivar,
1742,AugustineCobymTCa629@outlook.com,AugustineCoby,
1743,RebeckaHaslettsG0w630@yahoo.com,RebeckaHaslett,
1744,AnthonyMenjivarTKvm631@outlook.biz,AnthonyMenjivar,
1745,DionCenter3roi632@yahoo.net,DionCenter,
1746,JoanMichaudVotp633@yahoo.biz,JoanMichaud,
1747,CamelliaHaslettKpTe634@gmail.biz,CamelliaHaslett,
1748,LuzSchildgenv5ze635@yahoo.biz,LuzSchildgen,
1749,MargareteGrumblescQMQ636@hotmail.com,MargareteGrumbles,
1750,TyishaCattskCw637@gmail.com,TyishaCatt,
1751,AlejandroMenjivarNPcW638@outlook.com,AlejandroMenjivar,
1752,ErasmoLanz81DB639@yahoo.com,ErasmoLanz,
1753,RandyNorensJ48640@hotmail.biz,RandyNoren,
1754,BongSchewexNV8641@gmail.com,BongSchewe,
1755,MargheritaMotsingerqw6F642@hotmail.net,MargheritaMotsinger,
1756,JeaniceBadonxBor643@hotmail.com,JeaniceBadon,
1757,MargheritaPekarPZMv644@yahoo.net,MargheritaPekar,
1758,GeorgiannaLanzKYdk645@outlook.com,GeorgiannaLanz,
1759,LarisaGuillemetteJc82646@hotmail.com,LarisaGuillemette,
1760,LyndiaKucera1Zie647@outlook.net,LyndiaKucera,
1761,BuffyRednerDdRK648@gmail.com,BuffyRedner,
1762,CloraByronPIA9649@yahoo.net,CloraByron,
1763,QianaGuillemetteD1kf650@outlook.biz,QianaGuillemette,
1764,TamaSchroederDbNE651@hotmail.com,TamaSchroeder,
1765,AugustineKucerabBq1652@outlook.net,AugustineKucera,
1766,ThomasPecoraZcZi653@hotmail.biz,ThomasPecora,
1767,JohnathonDrewsHPJm654@gmail.net,JohnathonDrews,
1768,MaribelMayoralfrCQ655@gmail.biz,MaribelMayoral,
1769,BeckiCattw18n656@gmail.biz,BeckiCatt,
1770,ZoniaPeppernPpd657@hotmail.com,ZoniaPepper,
1771,LloydParishBFd658@outlook.com,LloydParis,
1772,MargaretePekarbdvd659@outlook.net,MargaretePekar,
1773,BongPepperngDn660@outlook.net,BongPepper,
1774,AugustineMischkedM74661@gmail.net,AugustineMischke,
1775,BongMoteXDqO662@hotmail.biz,BongMote,
1776,BuffyMongoldBQWC663@outlook.biz,BuffyMongold,
1777,LloydScheweFTbj664@hotmail.net,LloydSchewe,
1778,MarquisGuillemetteazIf665@gmail.com,MarquisGuillemette,
1779,CamelliaGuillemetteowwz666@hotmail.net,CamelliaGuillemette,
1780,MicheleNoren4x8R667@yahoo.com,MicheleNoren,
1781,NancieSchildgenyhqM668@outlook.net,NancieSchildgen,
1782,AlejandroSchildgeniOwA669@outlook.biz,AlejandroSchildgen,
1783,TamaPepperRzAK670@gmail.net,TamaPepper,
1784,MarquisMongoldNYvh671@yahoo.biz,MarquisMongold,
1785,AlejandroMotsingergmlV672@hotmail.com,AlejandroMotsinger,
1786,MargheritaSchroederXskG673@yahoo.com,MargheritaSchroeder,
1787,ZoniaLupoXBHs674@yahoo.biz,ZoniaLupo,
1788,StephaniaMcnaughtFByB675@outlook.com,StephaniaMcnaught,
1789,CamelliaCattMJ4X676@outlook.com,CamelliaCatt,
1790,GeorgiannaGrumbles6pC2677@outlook.com,GeorgiannaGrumbles,
1791,ElroyGrumblesgPDM678@hotmail.net,ElroyGrumbles,
1792,ChristeenByronhCaw679@yahoo.biz,ChristeenByron,
1793,ArdenHaslettoNwa680@gmail.biz,ArdenHaslett,
1794,MargheritaSchildgenvu02681@outlook.net,MargheritaSchildgen,
1795,GayleneByronjs0I682@hotmail.biz,GayleneByron,
1796,AlejandroCattWm5C683@hotmail.com,AlejandroCatt,
1797,RebeckaKuceraRSS5684@hotmail.net,RebeckaKucera,
1798,MargareteCenterpwAy685@outlook.biz,MargareteCenter,
1799,GeorgiannaStovalXHEF686@gmail.com,GeorgiannaStoval,
1800,SharieMischkePTHx687@gmail.biz,SharieMischke,
1801,ArdenMotsingerxGZN688@yahoo.com,ArdenMotsinger,
1802,LawandaPariszFEL689@outlook.net,LawandaParis,
1803,TamaPepperw3EY690@hotmail.net,TamaPepper,
1804,ErasmoMongoldhEfV691@gmail.net,ErasmoMongold,
1805,TomiHoweTBD6692@yahoo.net,TomiHowe,
1806,JohnathonRamageXdxv693@outlook.biz,JohnathonRamage,
1807,RebeckaMote0KdO694@outlook.com,RebeckaMote,
1808,RandyLanzcGuC695@yahoo.biz,RandyLanz,
1809,ArdenMayoralHesn696@outlook.com,ArdenMayoral,
1810,LuzMischkeSFYY697@outlook.com,LuzMischke,
1811,MicheleFetzerAFyP698@yahoo.net,MicheleFetzer,
1812,NancieRamageiYCl699@hotmail.biz,NancieRamage,
1813,ErasmoMischked8ls700@hotmail.com,ErasmoMischke,
1814,ElidaWiersu09l701@hotmail.net,ElidaWiers,
1815,ElroyBureshQI8Y702@gmail.com,ElroyBuresh,
1816,ThomasMischkeeZ95703@gmail.net,ThomasMischke,
1817,LaineMayoralXqNX704@gmail.net,LaineMayoral,
1818,SharieRamageWKgy705@outlook.net,SharieRamage,
1819,StephaniaWiersWvhL706@yahoo.biz,StephaniaWiers,
1820,SamathaKazmierczakwuGE707@hotmail.net,SamathaKazmierczak,
1821,RaleighBadonoGnq708@hotmail.net,RaleighBadon,
1822,GayleneKazmierczakvlhY709@yahoo.com,GayleneKazmierczak,
1823,RebeckaSchroeder5DeU710@yahoo.biz,RebeckaSchroeder,
1824,LloydSchewehoei711@outlook.biz,LloydSchewe,
1825,TamiLatsonAwkr712@gmail.net,TamiLatson,
1826,LaineCattYxYh713@yahoo.com,LaineCatt,
1827,BeckiGuillemettehaQK714@hotmail.com,BeckiGuillemette,
1828,MargareteAnteskz8M715@hotmail.biz,MargareteAntes,
1829,MargarettDamron249c716@hotmail.biz,MargarettDamron,
1830,ElidaPepperoLoz717@outlook.net,ElidaPepper,
1831,GayleneHaslettZQw6718@gmail.net,GayleneHaslett,
1832,GayleneBadon4sgI719@hotmail.net,GayleneBadon,
1833,LainePecoranYIV720@outlook.biz,LainePecora,
1834,TomiLupoKVp7721@yahoo.com,TomiLupo,
1835,SharieGuillemetteNgWm722@hotmail.biz,SharieGuillemette,
1836,LuzMotsinger1QSV723@yahoo.net,LuzMotsinger,
1837,QianaDrewsPCXM724@gmail.biz,QianaDrews,
1838,RebeckaFetzer2TQe725@hotmail.biz,RebeckaFetzer,
1839,JeaniceGrisbytv31726@gmail.net,JeaniceGrisby,
1840,SamathaCultongSGU727@yahoo.com,SamathaCulton,
1841,LuzPingree9367728@outlook.biz,LuzPingree,
1842,ChristeenKuceraBcxC729@yahoo.com,ChristeenKucera,
1843,RaleighMenjivarETzE730@outlook.com,RaleighMenjivar,
1844,CamelliaKlemphFlT731@outlook.com,CamelliaKlemp,
1845,DiegoPekardM2K732@yahoo.com,DiegoPekar,
1846,LarisaPecora7RXi733@yahoo.com,LarisaPecora,
1847,TyishaMcnaughthDTL734@yahoo.com,TyishaMcnaught,
1848,ZoniaKlempnrqT735@hotmail.biz,ZoniaKlemp,
1849,ErasmoFleishmanwXBe736@outlook.com,ErasmoFleishman,
1850,DiegoByronfnON737@hotmail.net,DiegoByron,
1851,YuriGrisbyKmDy738@gmail.com,YuriGrisby,
1852,LainePingreeh0Cb739@outlook.com,LainePingree,
1853,ArdenPeppergIHo740@outlook.biz,ArdenPepper,
1854,BongMotsingerVZEQ741@gmail.net,BongMotsinger,
1855,StephaniaSchewe0lRP742@gmail.net,StephaniaSchewe,
1856,RubiPepper4XeB743@gmail.net,RubiPepper,
1857,BeckiVolkmantyAm744@outlook.net,BeckiVolkman,
1858,TomiFleishmanDxpi745@yahoo.net,TomiFleishman,
1859,StephaniaCatt4aoE746@outlook.com,StephaniaCatt,
1860,DiegoSernaAn4U747@hotmail.com,DiegoSerna,
1861,TamiParisEDko748@outlook.com,TamiParis,
1862,AugustineMcnaughtH3IE749@gmail.com,AugustineMcnaught,
1863,ZoniaSernaUZED750@outlook.net,ZoniaSerna,
1864,BuffyVolkmanUXKn751@gmail.biz,BuffyVolkman,
1865,MargheritaPingree5EIP752@yahoo.com,MargheritaPingree,
1866,BeckiPecorauTkB753@hotmail.biz,BeckiPecora,
1867,LuzCobyEEQ0754@hotmail.com,LuzCoby,
1868,GeorgiannaPingree3cf8755@yahoo.biz,GeorgiannaPingree,
1869,BuffyLupoDx4t756@hotmail.biz,BuffyLupo,
1870,JoanMcnaughtXeAa757@gmail.biz,JoanMcnaught,
1871,CloraCenterWbE0758@yahoo.net,CloraCenter,
1872,DiegoGuillemetteVY8i759@yahoo.net,DiegoGuillemette,
1873,QianaMcnaughtsCCF760@gmail.net,QianaMcnaught,
1874,SamathaGuillemetteBQMi761@hotmail.net,SamathaGuillemette,
1875,JoanBadonFqKB762@hotmail.net,JoanBadon,
1876,JohnathonCattIs6R763@yahoo.net,JohnathonCatt,
1877,LloydMcnaughtLsQQ764@outlook.com,LloydMcnaught,
1878,ChristeenDamronrdbB765@yahoo.net,ChristeenDamron,
1879,GeorgiannaNorenlPxq766@yahoo.com,GeorgiannaNoren,
1880,QianaFleishmanghVI767@outlook.biz,QianaFleishman,
1881,RaleighNorenxejs768@yahoo.com,RaleighNoren,
1882,CloraCobyjmNU769@outlook.com,CloraCoby,
1883,CamelliaHowegoG8770@outlook.biz,CamelliaHowe,
1884,ElidaAntesjydf771@hotmail.com,ElidaAntes,
1885,RebeckaSchildgenckK0772@gmail.net,RebeckaSchildgen,
1886,AlejandroMenjivararO3773@gmail.com,AlejandroMenjivar,
1887,LyndiaGrumblesdIN5774@outlook.com,LyndiaGrumbles,
1888,ChristeenSernabB3t775@yahoo.net,ChristeenSerna,
1889,MarquisDrews4Rzj776@yahoo.biz,MarquisDrews,
1890,ChristeenPecora2LQP777@hotmail.net,ChristeenPecora,
1891,TyishaKazmierczakVCvf778@yahoo.net,TyishaKazmierczak,
1892,MargareteMotsingeryTxN779@yahoo.com,MargareteMotsinger,
1893,LawandaPekarONpN780@yahoo.com,LawandaPekar,
1894,BeckiMichaudzEt0781@gmail.com,BeckiMichaud,
1895,LuzByronLyGU782@hotmail.net,LuzByron,
1896,SamathaMenjivarwNXw783@gmail.com,SamathaMenjivar,
1897,RebeckaFleishman98fZ784@outlook.biz,RebeckaFleishman,
1898,BeckiMoteLMSE785@outlook.biz,BeckiMote,
1899,QianaKuceraDFCe786@yahoo.com,QianaKucera,
1900,RubiVolkmanG0Ud787@hotmail.net,RubiVolkman,
1901,DiegoByronnE0T788@yahoo.net,DiegoByron,
1902,TyishaByron6l9Q789@outlook.net,TyishaByron,
1903,CloraBadonxz5U790@yahoo.net,CloraBadon,
1904,SamathaPekarKQnq791@hotmail.net,SamathaPekar,
1905,LuzMenjivarzovm792@hotmail.com,LuzMenjivar,
1906,StephaniaPekaroVxN793@hotmail.net,StephaniaPekar,
1907,ChristeenPekar58Zj794@yahoo.biz,ChristeenPekar,
1908,MarquisStovalwPvd795@gmail.com,MarquisStoval,
1909,RaleighWiersZL4i796@outlook.biz,RaleighWiers,
1910,LyndiaRoberieqWse797@yahoo.com,LyndiaRoberie,
1911,ThomasMcnaughttvS6798@yahoo.biz,ThomasMcnaught,
1912,MargareteMischkeu20a799@outlook.biz,MargareteMischke,
1913,SharieMotsingerKLTS800@outlook.com,SharieMotsinger,
1914,BlytheGrumblesFZJx801@yahoo.net,BlytheGrumbles,
1915,AugustineCenteryg0l802@outlook.com,AugustineCenter,
1916,LloydSchroederM1pX803@yahoo.com,LloydSchroeder,
1917,GayleneAntesC4xB804@hotmail.com,GayleneAntes,
1918,LeighaDamronpWXh805@hotmail.com,LeighaDamron,
1919,LarisaScheweBp0H806@hotmail.com,LarisaSchewe,
1920,LaineMotsingerIlWy807@outlook.com,LaineMotsinger,
1921,BeckiDamronCuSZ808@gmail.biz,BeckiDamron,
1922,TyishaBadonO2sU809@hotmail.net,TyishaBadon,
1923,SamathaSchroeder8fdK810@yahoo.com,SamathaSchroeder,
1924,LaineMcnaught3sfa811@yahoo.com,LaineMcnaught,
1925,ThomasCattAygf812@gmail.biz,ThomasCatt,
1926,ThomasKlempmeBq813@hotmail.biz,ThomasKlemp,
1927,BongFleishmantFPg814@yahoo.com,BongFleishman,
1928,BlytheWronaD6m9815@yahoo.com,BlytheWrona,
1929,LaineRoberie5FdD816@hotmail.com,LaineRoberie,
1930,MicheleKlempHLMr817@hotmail.biz,MicheleKlemp,
1931,LyndiaMischke13o2818@hotmail.biz,LyndiaMischke,
1932,StephaniaMcnaughtUEKK819@yahoo.net,StephaniaMcnaught,
1933,MaribelParisBmGX820@outlook.net,MaribelParis,
1934,BlytheMichaud86CK821@hotmail.biz,BlytheMichaud,
1935,MargheritaRamageQEZn822@outlook.com,MargheritaRamage,
1936,LarisaCultonlwh3823@outlook.biz,LarisaCulton,
1937,ElroyRoberiepvBi824@yahoo.com,ElroyRoberie,
1938,MargarettFleishmanuzDz825@yahoo.com,MargarettFleishman,
1939,LainePingreekK7l826@yahoo.biz,LainePingree,
1940,LeighaFleishmanfaEB827@outlook.biz,LeighaFleishman,
1941,LaineKlemp2CSC828@hotmail.net,LaineKlemp,
1942,SharieDamronIdm0829@gmail.net,SharieDamron,
1943,LawandaMotsingerkGRT830@hotmail.com,LawandaMotsinger,
1944,LeighaDrewsz4b7831@gmail.net,LeighaDrews,
1945,CamelliaPecoraI8BB832@hotmail.net,CamelliaPecora,
1946,CamelliaGrumbles8Wi7833@yahoo.com,CamelliaGrumbles,
1947,CloraGrumblespxgw834@outlook.biz,CloraGrumbles,
1948,SamathaHoweABHS835@gmail.net,SamathaHowe,
1949,NancieVolkmanJ6C2836@hotmail.net,NancieVolkman,
1950,ElidaLatsonzYRu837@outlook.biz,ElidaLatson,
1951,MicheleAntespjoO838@yahoo.biz,MicheleAntes,
1952,ElroyWronaNXd3839@yahoo.net,ElroyWrona,
1953,YuriRedner7bFZ840@gmail.biz,YuriRedner,
1954,LyndiaByrongF8l841@yahoo.net,LyndiaByron,
1955,ChristeenPecoraDPZT842@gmail.com,ChristeenPecora,
1956,LuzLatsoniSuC843@yahoo.com,LuzLatson,
1957,MargarettRamageQZ9T844@hotmail.biz,MargarettRamage,
1958,LaineGuillemettemhVF845@yahoo.biz,LaineGuillemette,
1959,TomiHaslettUVFe846@gmail.biz,TomiHaslett,
1960,GeorgiannaKazmierczakwVmW847@gmail.biz,GeorgiannaKazmierczak,
1961,MargareteWiersPaL5848@hotmail.com,MargareteWiers,
1962,AnthonyDamron0NNP849@gmail.net,AnthonyDamron,
1963,DionRoberiejZsB850@hotmail.com,DionRoberie,
1964,AlejandroStovalIXd3851@hotmail.net,AlejandroStoval,
1965,AugustineMotsingervDAa852@gmail.net,AugustineMotsinger,
1966,AnthonyWiersSka7853@outlook.com,AnthonyWiers,
1967,ChristeenLatson7rQj854@hotmail.biz,ChristeenLatson,
1968,LeighaSchildgen1N7A855@hotmail.biz,LeighaSchildgen,
1969,CloraMotsingerTTXx856@yahoo.biz,CloraMotsinger,
1970,AugustineGuillemetteu8a7857@yahoo.com,AugustineGuillemette,
1971,QianaRamagepE2h858@hotmail.com,QianaRamage,
1972,BlytheLanzQo0Q859@yahoo.net,BlytheLanz,
1973,SamathaStovalPNY5860@yahoo.biz,SamathaStoval,
1974,StephaniaBuresh5ozj861@gmail.net,StephaniaBuresh,
1975,LuzGuillemetteTSol862@hotmail.biz,LuzGuillemette,
1976,BlytheRamagefgun863@yahoo.biz,BlytheRamage,
1977,MargheritaWrona4SAQ864@gmail.net,MargheritaWrona,
1978,CloraFleishmanB7tV865@hotmail.com,CloraFleishman,
1979,ZoniaSchildgenboZR866@outlook.biz,ZoniaSchildgen,
1980,GayleneWronaq2pJ867@gmail.net,GayleneWrona,
1981,StephaniaKlemp8eXw868@hotmail.com,StephaniaKlemp,
1982,CloraLatsonzYPp869@outlook.net,CloraLatson,
1983,BeckiLupoy9qT870@hotmail.biz,BeckiLupo,
1984,MargarettRednerQR7M871@outlook.com,MargarettRedner,
1985,LarisaMcnaughtMvAU872@yahoo.com,LarisaMcnaught,
1986,NancieAntessPG1873@outlook.biz,NancieAntes,
1987,LloydGeddeslrSw874@gmail.net,LloydGeddes,
1988,ElroyMischkexJTa875@outlook.biz,ElroyMischke,
1989,ErasmoPecoraGXiU876@gmail.biz,ErasmoPecora,
1990,MargareteWrona9Bpv877@gmail.net,MargareteWrona,
1991,JohnathonSchroederNYVY878@hotmail.net,JohnathonSchroeder,
1992,BongWiersbobW879@yahoo.biz,BongWiers,
1993,SharieMischketJG0880@hotmail.biz,SharieMischke,
1994,DiegoVolkmanUybN881@outlook.com,DiegoVolkman,
1995,MichelePepperY3Vt882@yahoo.biz,MichelePepper,
1996,RandyAntesevOY883@gmail.biz,RandyAntes,
1997,BlytheRoberieAzeA884@outlook.biz,BlytheRoberie,
1998,LarisaMotezf4K885@hotmail.net,LarisaMote,
1999,JeaniceAntesNuvk886@gmail.biz,JeaniceAntes,
2000,NancieWiersG1Sd887@yahoo.biz,NancieWiers,
2001,LawandaMichaudzdS9888@gmail.biz,LawandaMichaud,
2002,LaineFetzerw8Ct889@outlook.biz,LaineFetzer,
2003,GayleneSernatTDl890@gmail.net,GayleneSerna,
2004,ThomasHowedHfs891@outlook.biz,ThomasHowe,
2005,ElroyWiers9lQm892@yahoo.net,ElroyWiers,
2006,QianaFetzerCnct893@outlook.net,QianaFetzer,
2007,GayleneGeddesIrgD894@hotmail.com,GayleneGeddes,
2008,ZoniaBureshcXkD895@gmail.biz,ZoniaBuresh,
2009,RaleighRednerP2Dt896@outlook.net,RaleighRedner,
2010,BongFetzer1BJW897@gmail.com,BongFetzer,
2011,ElidaPekarDxUK898@yahoo.net,ElidaPekar,
2012,RandyMongoldAD9i899@outlook.com,RandyMongold,
2013,LyndiaMcnaughtvtzL900@outlook.net,LyndiaMcnaught,
2014,GeorgiannaMayoraluvtN901@outlook.com,GeorgiannaMayoral,
2015,RebeckaMichaudNUhT902@yahoo.com,RebeckaMichaud,
2016,MicheleSchroederEKut903@gmail.com,MicheleSchroeder,
2017,CamelliaMayoralnhxb904@outlook.com,CamelliaMayoral,
2018,TamaPepperAZez905@hotmail.biz,TamaPepper,
2019,LyndiaLatsonefiQ906@hotmail.com,LyndiaLatson,
2020,ElidaByronylYp907@yahoo.biz,ElidaByron,
2021,DionBureshnnMF908@hotmail.com,DionBuresh,
2022,ErasmoHaslettig8S909@gmail.net,ErasmoHaslett,
2023,RubiGrisbyRrQB910@hotmail.biz,RubiGrisby,
2024,ZoniaFleishman0ocg911@hotmail.biz,ZoniaFleishman,
2025,YuriSchildgen55ek912@yahoo.net,YuriSchildgen,
2026,DiegoPepperUzNf913@hotmail.com,DiegoPepper,
2027,SamathaPecora9XBd914@yahoo.net,SamathaPecora,
2028,BongMongolddTwH915@gmail.net,BongMongold,
2029,ThomasFleishmanF2fK916@outlook.com,ThomasFleishman,
2030,YuriLatsongK3t917@yahoo.com,YuriLatson,
2031,BongMenjivarNWIp918@gmail.biz,BongMenjivar,
2032,ArdenKlemp6DU7919@gmail.com,ArdenKlemp,
2033,MaribelGuillemettesnJ1920@gmail.biz,MaribelGuillemette,
2034,ArdenAntesS2fB921@outlook.net,ArdenAntes,
2035,RaleighMotsingerxLfy922@gmail.biz,RaleighMotsinger,
2036,YuriCoby2o0n923@outlook.net,YuriCoby,
2037,BeckiWiersOMvN924@gmail.net,BeckiWiers,
2038,ZoniaByronad5L925@yahoo.net,ZoniaByron,
2039,ChristeenScheweY4VW926@hotmail.com,ChristeenSchewe,
2040,CloraGuillemette7lew927@outlook.com,CloraGuillemette,
2041,MarquisMongoldj4xX928@outlook.biz,MarquisMongold,
2042,MarquisMayoralXjoG929@hotmail.biz,MarquisMayoral,
2043,ArdenCobyIBc7930@gmail.net,ArdenCoby,
2044,RaleighBureshpjlj931@hotmail.com,RaleighBuresh,
2045,NanciePepperADht932@outlook.net,NanciePepper,
2046,GayleneMongoldJD6E933@hotmail.net,GayleneMongold,
2047,CamelliaSchewea96H934@yahoo.biz,CamelliaSchewe,
2048,BongRamage4Ky8935@hotmail.com,BongRamage,
2049,ElidaStovalIebh936@hotmail.com,ElidaStoval,
2050,BlytheFetzerbDn0937@yahoo.net,BlytheFetzer,
2051,TyishaPekarxttd938@yahoo.net,TyishaPekar,
2052,ZoniaHoweAxPw939@outlook.com,ZoniaHowe,
2053,BuffyMoteF9ky940@yahoo.com,BuffyMote,
2054,DionStovalP5YA941@hotmail.com,DionStoval,
2055,BongPekarcSbf942@gmail.com,BongPekar,
2056,ArdenMichaudLlfh943@outlook.biz,ArdenMichaud,
2057,BlytheMischkeX9JC944@gmail.biz,BlytheMischke,
2058,GeorgiannaKuceraYhTr945@yahoo.com,GeorgiannaKucera,
2059,ElroyKuceraWOYu946@hotmail.net,ElroyKucera,
2060,MaribelPekarCLvv947@gmail.net,MaribelPekar,
2061,TomiWiersNAn3948@gmail.com,TomiWiers,
2062,BuffyLupoAaeC949@hotmail.biz,BuffyLupo,
2063,TamaSernaA7zr950@outlook.net,TamaSerna,
2064,YuriFleishmandgsf951@yahoo.com,YuriFleishman,
2065,RandyStovalgEAB952@gmail.com,RandyStoval,
2066,LyndiaCultonUT1z953@hotmail.com,LyndiaCulton,
2067,YuriRoberiez4pl954@yahoo.biz,YuriRoberie,
2068,MarquisVolkmanFPtP955@outlook.com,MarquisVolkman,
2069,YuriDamronnVR3956@hotmail.net,YuriDamron,
2070,MargheritaCattDCZ2957@outlook.com,MargheritaCatt,
2071,BeckiGrumblesbuuq958@gmail.com,BeckiGrumbles,
2072,LloydParisIkpA959@outlook.com,LloydParis,
2073,AugustineMcnaughtBxBF960@gmail.com,AugustineMcnaught,
2074,BuffyRednerY3w3961@hotmail.biz,BuffyRedner,
2075,MargarettByronEN7v962@yahoo.biz,MargarettByron,
2076,RandyCultonSt3s963@hotmail.net,RandyCulton,
2077,CloraGrumblesWCYz964@yahoo.net,CloraGrumbles,
2078,RubiPecoraveKh965@hotmail.com,RubiPecora,
2079,ArdenHaslett2Dd6966@yahoo.biz,ArdenHaslett,
2080,DionSchroederfG71967@outlook.com,DionSchroeder,
2081,SharieRoberie9VjD968@outlook.com,SharieRoberie,
2082,MarquisBureshTpxo969@hotmail.net,MarquisBuresh,
2083,ChristeenCulton4W32970@outlook.net,ChristeenCulton,
2084,QianaCenteruW6O971@yahoo.com,QianaCenter,
2085,CamelliaBadonIqKT972@hotmail.net,CamelliaBadon,
2086,LloydMongoldr1yk973@gmail.biz,LloydMongold,
2087,AlejandroWiersWzMy974@hotmail.com,AlejandroWiers,
2088,ElidaByrond9n6975@hotmail.com,ElidaByron,
2089,LaineGeddes1Ygf976@gmail.com,LaineGeddes,
2090,RebeckaMote1SDY977@outlook.com,RebeckaMote,
2091,ChristeenFleishmanTC7b978@outlook.biz,ChristeenFleishman,
2092,CamelliaHoweY8Pe979@outlook.com,CamelliaHowe,
2093,MarquisStovalaNe6980@hotmail.com,MarquisStoval,
2094,BeckiBuresh2ES5981@gmail.com,BeckiBuresh,
2095,TyishaKuceraOFb8982@outlook.biz,TyishaKucera,
2096,ArdenWronaInyP983@gmail.biz,ArdenWrona,
2097,GeorgiannaFleishmanUznO984@hotmail.biz,GeorgiannaFleishman,
2098,YuriLupoCTic985@gmail.net,YuriLupo,
2099,ElroySernakxj7986@yahoo.biz,ElroySerna,
2100,AlejandroLupoNokv987@yahoo.biz,AlejandroLupo,
2101,RaleighMenjivaryFDh988@gmail.com,RaleighMenjivar,
2102,MaribelPepper5Zl1989@hotmail.com,MaribelPepper,
2103,LawandaKazmierczakNDnF990@gmail.net,LawandaKazmierczak,
2104,BlytheSchewecTjO991@yahoo.net,BlytheSchewe,
2105,RubiPecoraYXRx992@hotmail.biz,RubiPecora,
2106,DionRoberieVRVb993@yahoo.com,DionRoberie,
2107,TyishaSernaJVHl994@gmail.net,TyishaSerna,
2108,AlejandroRoberieNdPU995@yahoo.biz,AlejandroRoberie,
2109,JoanPekarWwoL996@yahoo.net,JoanPekar,
2110,LawandaMoteH9qn997@gmail.net,LawandaMote,
2111,TomiKuceraBCi1998@yahoo.net,TomiKucera,
2112,ChristeenGrisbynmxv999@hotmail.biz,ChristeenGrisby,
